<?xml version="1.0" encoding="UTF-8"?>

<modifyItem xmlns="http://www.cs.au.dk/dWebTek/2014">
	<shopKey>3040F78236D8073C8C692612</shopKey>
	<itemID>1891</itemID>
	<itemName>Matematisk geni, Wang</itemName>
	<itemURL>http://www.google.dk</itemURL>
	<itemPrice>4</itemPrice>
	<itemDescription><document>Lån denne imponerende asiatiske studerende til at kæmpe dig igennem de sværeste . Wang har kinesiske rødder og er derfor billig i øl - samtidig er han i besiddelse af en jernvilje uden lige. </document></itemDescription>
</modifyItem>