<?xml version="1.0" encoding="UTF-8"?>

<modifyItem xmlns="http://www.cs.au.dk/dWebTek/2014">
	<shopKey>3040F78236D8073C8C692612</shopKey>
	<itemID>2087</itemID>
	<itemName>Carpool (garanteret ædru!)</itemName>
	<itemURL>http://www.google.dk</itemURL>
	<itemPrice>1</itemPrice>
	<itemDescription><document>Johan er humaniora-studerende og derfor masser af tid til køre andre (travlere) studerende til og fra skole. En øl om dagen og Johan er glad.</document></itemDescription>
</modifyItem>