<modifyItem xmlns="http://www.cs.au.dk/dWebTek/2014">

	<shopKey>3040F78236D8073C8C692612</shopKey>
	<itemID>1788</itemID>
	<itemName>Guitar Undervisning sælges!</itemName>
	<itemURL>http://www.google.com</itemURL>
	<itemPrice>30</itemPrice>

	<itemDescription><document>Jeg har spillet guitar i over 15 år og har 5 års undervisnings erfarring! Så hvis du ønsker at blive bedre så kom en gang hver anden uge med en kasse naturalier og så skal jeg nok lærer dig at mestre dit instrument!</document></itemDescription>

</modifyItem>